"o1","property","str_label","import_metadata"
"http://dbpedia.org/resource/Abraham_Zacuto","http://www.w3.org/2000/01/rdf-schema#label","Abraham Zacuto","20221204_3"
"http://dbpedia.org/resource/Leonardo_da_Vinci","http://www.w3.org/2000/01/rdf-schema#label","Leonardo da Vinci","20221204_3"
"http://dbpedia.org/resource/Johannes_Engel","http://www.w3.org/2000/01/rdf-schema#label","Johannes Engel","20221204_3"
"http://dbpedia.org/resource/Domenico_Maria_Novara_da_Ferrara","http://www.w3.org/2000/01/rdf-schema#label","Domenico Maria Novara da Ferrara","20221204_3"
"http://dbpedia.org/resource/Scipione_del_Ferro","http://www.w3.org/2000/01/rdf-schema#label","Scipione del Ferro","20221204_3"
"http://dbpedia.org/resource/Nicolaus_Copernicus","http://www.w3.org/2000/01/rdf-schema#label","Nicolaus Copernicus","20221204_3"
"http://dbpedia.org/resource/Tiedemann_Giese","http://www.w3.org/2000/01/rdf-schema#label","Tiedemann Giese","20221204_3"
"http://dbpedia.org/resource/Heinrich_Cornelius_Agrippa","http://www.w3.org/2000/01/rdf-schema#label","Heinrich Cornelius Agrippa","20221204_3"
"http://dbpedia.org/resource/Matteo_Tafuri","http://www.w3.org/2000/01/rdf-schema#label","Matteo Tafuri","20221204_3"
"http://dbpedia.org/resource/Adam_Ries","http://www.w3.org/2000/01/rdf-schema#label","Adam Ries","20221204_3"
"http://dbpedia.org/resource/Nicolaus_Olahus","http://www.w3.org/2000/01/rdf-schema#label","Nicolaus Olahus","20221204_3"
"http://dbpedia.org/resource/Oronce_Finé","http://www.w3.org/2000/01/rdf-schema#label","Oronce Finé","20221204_3"
"http://dbpedia.org/resource/Gerolamo_Cardano","http://www.w3.org/2000/01/rdf-schema#label","Gerolamo Cardano","20221204_3"
"http://dbpedia.org/resource/Nostradamus","http://www.w3.org/2000/01/rdf-schema#label","Nostradamus","20221204_3"
"http://dbpedia.org/resource/Erasmus_Reinhold","http://www.w3.org/2000/01/rdf-schema#label","Erasmus Reinhold","20221204_3"
"http://dbpedia.org/resource/Georg_Joachim_Rheticus","http://www.w3.org/2000/01/rdf-schema#label","Georg Joachim Rheticus","20221204_3"
"http://dbpedia.org/resource/Jacques_Pelletier_du_Mans","http://www.w3.org/2000/01/rdf-schema#label","Jacques Pelletier du Mans","20221204_3"
"http://dbpedia.org/resource/Martin_Chemnitz","http://www.w3.org/2000/01/rdf-schema#label","Martin Chemnitz","20221204_3"
"http://dbpedia.org/resource/Lodovico_Ferrari","http://www.w3.org/2000/01/rdf-schema#label","Lodovico Ferrari","20221204_3"
"http://dbpedia.org/resource/Peter_Agricola","http://www.w3.org/2000/01/rdf-schema#label","Peter Agricola","20221204_3"
"http://dbpedia.org/resource/Tadeáš_Hájek","http://www.w3.org/2000/01/rdf-schema#label","Tadeáš Hájek","20221204_3"
"http://dbpedia.org/resource/John_Dee","http://www.w3.org/2000/01/rdf-schema#label","John Dee","20221204_3"
"http://dbpedia.org/resource/Giambattista_Benedetti","http://www.w3.org/2000/01/rdf-schema#label","Giambattista Benedetti","20221204_3"
"http://dbpedia.org/resource/Christopher_Clavius","http://www.w3.org/2000/01/rdf-schema#label","Christopher Clavius","20221204_3"
"http://dbpedia.org/resource/Ludolph_van_Ceulen","http://www.w3.org/2000/01/rdf-schema#label","Ludolph van Ceulen","20221204_3"
"http://dbpedia.org/resource/Ostilio_Ricci","http://www.w3.org/2000/01/rdf-schema#label","Ostilio Ricci","20221204_3"
"http://dbpedia.org/resource/Tycho_Brahe","http://www.w3.org/2000/01/rdf-schema#label","Tycho Brahe","20221204_3"
"http://dbpedia.org/resource/Rudolph_Snellius","http://www.w3.org/2000/01/rdf-schema#label","Rudolph Snellius","20221204_3"
"http://dbpedia.org/resource/Baha'_al-din_al-'Amili","http://www.w3.org/2000/01/rdf-schema#label","Baha' al-din al-'Amili","20221204_3"
"http://dbpedia.org/resource/John_Napier","http://www.w3.org/2000/01/rdf-schema#label","John Napier","20221204_3"
"http://dbpedia.org/resource/Simon_Forman","http://www.w3.org/2000/01/rdf-schema#label","Simon Forman","20221204_3"
"http://dbpedia.org/resource/Jost_Bürgi","http://www.w3.org/2000/01/rdf-schema#label","Jost Bürgi","20221204_3"
"http://dbpedia.org/resource/Petrus_Ryff","http://www.w3.org/2000/01/rdf-schema#label","Petrus Ryff","20221204_3"
"http://dbpedia.org/resource/Francis_Bacon","http://www.w3.org/2000/01/rdf-schema#label","Francis Bacon","20221204_3"
"http://dbpedia.org/resource/Christopher_Heydon","http://www.w3.org/2000/01/rdf-schema#label","Christopher Heydon","20221204_3"
"http://dbpedia.org/resource/Henry_Briggs_(mathematician)","http://www.w3.org/2000/01/rdf-schema#label","Henry Briggs (mathematician)","20221204_3"
"http://dbpedia.org/resource/Christen_Sørensen_Longomontanus","http://www.w3.org/2000/01/rdf-schema#label","Christen Sørensen Longomontanus","20221204_3"
"http://dbpedia.org/resource/Galileo_Galilei","http://www.w3.org/2000/01/rdf-schema#label","Galileo Galilei","20221204_3"
"http://dbpedia.org/resource/Cort_Aslakssøn","http://www.w3.org/2000/01/rdf-schema#label","Cort Aslakssøn","20221204_3"
"http://dbpedia.org/resource/Laurentius_Paulinus_Gothus","http://www.w3.org/2000/01/rdf-schema#label","Laurentius Paulinus Gothus","20221204_3"
"http://dbpedia.org/resource/Tommaso_Campanella","http://www.w3.org/2000/01/rdf-schema#label","Tommaso Campanella","20221204_3"
"http://dbpedia.org/resource/Marino_Ghetaldi","http://www.w3.org/2000/01/rdf-schema#label","Marino Ghetaldi","20221204_3"
"http://dbpedia.org/resource/Johannes_Kepler","http://www.w3.org/2000/01/rdf-schema#label","Johannes Kepler","20221204_3"
"http://dbpedia.org/resource/Adriaan_Metius","http://www.w3.org/2000/01/rdf-schema#label","Adriaan Metius","20221204_3"
"http://dbpedia.org/resource/Simon_Marius","http://www.w3.org/2000/01/rdf-schema#label","Simon Marius","20221204_3"
"http://dbpedia.org/resource/Robert_Fludd","http://www.w3.org/2000/01/rdf-schema#label","Robert Fludd","20221204_3"
"http://dbpedia.org/resource/William_Oughtred","http://www.w3.org/2000/01/rdf-schema#label","William Oughtred","20221204_3"
"http://dbpedia.org/resource/Anne_Turner_(murderer)","http://www.w3.org/2000/01/rdf-schema#label","Anne Turner (murderer)","20221204_3"
"http://dbpedia.org/resource/Paul_Guldin","http://www.w3.org/2000/01/rdf-schema#label","Paul Guldin","20221204_3"
"http://dbpedia.org/resource/Willebrord_Snellius","http://www.w3.org/2000/01/rdf-schema#label","Willebrord Snellius","20221204_3"
"http://dbpedia.org/resource/Godefroy_Wendelin","http://www.w3.org/2000/01/rdf-schema#label","Godefroy Wendelin","20221204_3"
"http://dbpedia.org/resource/Claude_Gaspar_Bachet_de_Méziriac","http://www.w3.org/2000/01/rdf-schema#label","Claude Gaspar Bachet de Méziriac","20221204_3"
"http://dbpedia.org/resource/Mario_Bettinus","http://www.w3.org/2000/01/rdf-schema#label","Mario Bettinus","20221204_3"
"http://dbpedia.org/resource/Niccolò_Zucchi","http://www.w3.org/2000/01/rdf-schema#label","Niccolò Zucchi","20221204_3"
"http://dbpedia.org/resource/Benjamin_Bramer","http://www.w3.org/2000/01/rdf-schema#label","Benjamin Bramer","20221204_3"
"http://dbpedia.org/resource/Ole_Worm","http://www.w3.org/2000/01/rdf-schema#label","Ole Worm","20221204_3"
"http://dbpedia.org/resource/Johann_Adam_Schall_von_Bell","http://www.w3.org/2000/01/rdf-schema#label","Johann Adam Schall von Bell","20221204_3"
"http://dbpedia.org/resource/Pierre_Gassendi","http://www.w3.org/2000/01/rdf-schema#label","Pierre Gassendi","20221204_3"
"http://dbpedia.org/resource/René_Descartes","http://www.w3.org/2000/01/rdf-schema#label","René Descartes","20221204_3"
"http://dbpedia.org/resource/Giovanni_Battista_Riccioli","http://www.w3.org/2000/01/rdf-schema#label","Giovanni Battista Riccioli","20221204_3"
"http://dbpedia.org/resource/Ovidio_Montalbani","http://www.w3.org/2000/01/rdf-schema#label","Ovidio Montalbani","20221204_3"
"http://dbpedia.org/resource/Florimond_de_Beaune","http://www.w3.org/2000/01/rdf-schema#label","Florimond de Beaune","20221204_3"
"http://dbpedia.org/resource/William_Lilly","http://www.w3.org/2000/01/rdf-schema#label","William Lilly","20221204_3"
"http://dbpedia.org/resource/Gilles_de_Roberval","http://www.w3.org/2000/01/rdf-schema#label","Gilles de Roberval","20221204_3"
"http://dbpedia.org/resource/Placidus_de_Titis","http://www.w3.org/2000/01/rdf-schema#label","Placidus de Titis","20221204_3"
"http://dbpedia.org/resource/Ismaël_Bullialdus","http://www.w3.org/2000/01/rdf-schema#label","Ismaël Bullialdus","20221204_3"
"http://dbpedia.org/resource/Vincentio_Reinieri","http://www.w3.org/2000/01/rdf-schema#label","Vincentio Reinieri","20221204_3"
"http://dbpedia.org/resource/Juan_Caramuel_y_Lobkowitz","http://www.w3.org/2000/01/rdf-schema#label","Juan Caramuel y Lobkowitz","20221204_3"
"http://dbpedia.org/resource/Pierre_de_Fermat","http://www.w3.org/2000/01/rdf-schema#label","Pierre de Fermat","20221204_3"
"http://dbpedia.org/resource/Giovanni_Alfonso_Borelli","http://www.w3.org/2000/01/rdf-schema#label","Giovanni Alfonso Borelli","20221204_3"
"http://dbpedia.org/resource/Honoré_Fabri","http://www.w3.org/2000/01/rdf-schema#label","Honoré Fabri","20221204_3"
"http://dbpedia.org/resource/Johannes_Hevelius","http://www.w3.org/2000/01/rdf-schema#label","Johannes Hevelius","20221204_3"
"http://dbpedia.org/resource/John_Pell_(mathematician)","http://www.w3.org/2000/01/rdf-schema#label","John Pell (mathematician)","20221204_3"
"http://dbpedia.org/resource/Nicholas_Culpeper","http://www.w3.org/2000/01/rdf-schema#label","Nicholas Culpeper","20221204_3"
"http://dbpedia.org/resource/Thomas_Bartholin","http://www.w3.org/2000/01/rdf-schema#label","Thomas Bartholin","20221204_3"
"http://dbpedia.org/resource/Elias_Ashmole","http://www.w3.org/2000/01/rdf-schema#label","Elias Ashmole","20221204_3"
"http://dbpedia.org/resource/Francesco_Maria_Grimaldi","http://www.w3.org/2000/01/rdf-schema#label","Francesco Maria Grimaldi","20221204_3"
"http://dbpedia.org/resource/Michelangelo_Ricci","http://www.w3.org/2000/01/rdf-schema#label","Michelangelo Ricci","20221204_3"
"http://dbpedia.org/resource/Jean_Picard","http://www.w3.org/2000/01/rdf-schema#label","Jean Picard","20221204_3"
"http://dbpedia.org/resource/Magnus_Celsius","http://www.w3.org/2000/01/rdf-schema#label","Magnus Celsius","20221204_3"
"http://dbpedia.org/resource/Vincenzo_Viviani","http://www.w3.org/2000/01/rdf-schema#label","Vincenzo Viviani","20221204_3"
"http://dbpedia.org/resource/René-François_de_Sluse","http://www.w3.org/2000/01/rdf-schema#label","René-François de Sluse","20221204_3"
"http://dbpedia.org/resource/Ferdinand_Verbiest","http://www.w3.org/2000/01/rdf-schema#label","Ferdinand Verbiest","20221204_3"
"http://dbpedia.org/resource/Blaise_Pascal","http://www.w3.org/2000/01/rdf-schema#label","Blaise Pascal","20221204_3"
"http://dbpedia.org/resource/Giovanni_Domenico_Cassini","http://www.w3.org/2000/01/rdf-schema#label","Giovanni Domenico Cassini","20221204_3"
"http://dbpedia.org/resource/Erhard_Weigel","http://www.w3.org/2000/01/rdf-schema#label","Erhard Weigel","20221204_3"
"http://dbpedia.org/resource/William_Ramsay_(astrologer)","http://www.w3.org/2000/01/rdf-schema#label","William Ramsay (astrologer)","20221204_3"
"http://dbpedia.org/resource/Johannes_Hudde","http://www.w3.org/2000/01/rdf-schema#label","Johannes Hudde","20221204_3"
"http://dbpedia.org/resource/Christiaan_Huygens","http://www.w3.org/2000/01/rdf-schema#label","Christiaan Huygens","20221204_3"
"http://dbpedia.org/resource/Richard_Towneley","http://www.w3.org/2000/01/rdf-schema#label","Richard Towneley","20221204_3"
"http://dbpedia.org/resource/Samuel_von_Pufendorf","http://www.w3.org/2000/01/rdf-schema#label","Samuel von Pufendorf","20221204_3"
"http://dbpedia.org/resource/Alessandro_Marchetti_(mathematician)","http://www.w3.org/2000/01/rdf-schema#label","Alessandro Marchetti (mathematician)","20221204_3"
"http://dbpedia.org/resource/Francis_Willughby","http://www.w3.org/2000/01/rdf-schema#label","Francis Willughby","20221204_3"
"http://dbpedia.org/resource/Gottfried_Kirch","http://www.w3.org/2000/01/rdf-schema#label","Gottfried Kirch","20221204_3"
"http://dbpedia.org/resource/Philippe_de_La_Hire","http://www.w3.org/2000/01/rdf-schema#label","Philippe de La Hire","20221204_3"
"http://dbpedia.org/resource/Bernard_Lamy","http://www.w3.org/2000/01/rdf-schema#label","Bernard Lamy","20221204_3"
"http://dbpedia.org/resource/Jacques_Ozanam","http://www.w3.org/2000/01/rdf-schema#label","Jacques Ozanam","20221204_3"
"http://dbpedia.org/resource/Isaac_Newton","http://www.w3.org/2000/01/rdf-schema#label","Isaac Newton","20221204_3"
"http://dbpedia.org/resource/Ole_Rømer","http://www.w3.org/2000/01/rdf-schema#label","Ole Rømer","20221204_3"
"http://dbpedia.org/resource/Otto_Mencke","http://www.w3.org/2000/01/rdf-schema#label","Otto Mencke","20221204_3"
"http://dbpedia.org/resource/Eusebio_Kino","http://www.w3.org/2000/01/rdf-schema#label","Eusebio Kino","20221204_3"
"http://dbpedia.org/resource/Thomas_Pereira","http://www.w3.org/2000/01/rdf-schema#label","Thomas Pereira","20221204_3"
"http://dbpedia.org/resource/John_Flamsteed","http://www.w3.org/2000/01/rdf-schema#label","John Flamsteed","20221204_3"
"http://dbpedia.org/resource/Charles_Honoré_d'Albert,_duc_de_Luynes","http://www.w3.org/2000/01/rdf-schema#label","Charles Honoré d'Albert, duc de Luynes","20221204_3"
"http://dbpedia.org/resource/Gottfried_Wilhelm_Leibniz","http://www.w3.org/2000/01/rdf-schema#label","Gottfried Wilhelm Leibniz","20221204_3"
"http://dbpedia.org/resource/Giovanni_Ceva","http://www.w3.org/2000/01/rdf-schema#label","Giovanni Ceva","20221204_3"
"http://dbpedia.org/resource/Tommaso_Ceva","http://www.w3.org/2000/01/rdf-schema#label","Tommaso Ceva","20221204_3"
"http://dbpedia.org/resource/Ehrenfried_Walther_von_Tschirnhaus","http://www.w3.org/2000/01/rdf-schema#label","Ehrenfried Walther von Tschirnhaus","20221204_3"
"http://dbpedia.org/resource/Michel_Rolle","http://www.w3.org/2000/01/rdf-schema#label","Michel Rolle","20221204_3"
"http://dbpedia.org/resource/William_Molyneux","http://www.w3.org/2000/01/rdf-schema#label","William Molyneux","20221204_3"
"http://dbpedia.org/resource/Nicolaas_Hartsoeker","http://www.w3.org/2000/01/rdf-schema#label","Nicolaas Hartsoeker","20221204_3"
"http://dbpedia.org/resource/David_Gregory_(mathematician)","http://www.w3.org/2000/01/rdf-schema#label","David Gregory (mathematician)","20221204_3"
"http://dbpedia.org/resource/Jacob_Roggeveen","http://www.w3.org/2000/01/rdf-schema#label","Jacob Roggeveen","20221204_3"
"http://dbpedia.org/resource/Thomas_Fantet_de_Lagny","http://www.w3.org/2000/01/rdf-schema#label","Thomas Fantet de Lagny","20221204_3"
"http://dbpedia.org/resource/Nicolas_Fatio_de_Duillier","http://www.w3.org/2000/01/rdf-schema#label","Nicolas Fatio de Duillier","20221204_3"
"http://dbpedia.org/resource/Johannes_Kelpius","http://www.w3.org/2000/01/rdf-schema#label","Johannes Kelpius","20221204_3"
"http://dbpedia.org/resource/Abraham_de_Moivre","http://www.w3.org/2000/01/rdf-schema#label","Abraham de Moivre","20221204_3"
"http://dbpedia.org/resource/William_Whiston","http://www.w3.org/2000/01/rdf-schema#label","William Whiston","20221204_3"
"http://dbpedia.org/resource/Johann_Bernoulli","http://www.w3.org/2000/01/rdf-schema#label","Johann Bernoulli","20221204_3"
"http://dbpedia.org/resource/Jacob_Bruce","http://www.w3.org/2000/01/rdf-schema#label","Jacob Bruce","20221204_3"
"http://dbpedia.org/resource/Maria_Margaretha_Kirch","http://www.w3.org/2000/01/rdf-schema#label","Maria Margaretha Kirch","20221204_3"
"http://dbpedia.org/resource/John_Keill","http://www.w3.org/2000/01/rdf-schema#label","John Keill","20221204_3"
"http://dbpedia.org/resource/Richard_Mead","http://www.w3.org/2000/01/rdf-schema#label","Richard Mead","20221204_3"
"http://dbpedia.org/resource/Eustachio_Manfredi","http://www.w3.org/2000/01/rdf-schema#label","Eustachio Manfredi","20221204_3"
"http://dbpedia.org/resource/Yves_Marie_André","http://www.w3.org/2000/01/rdf-schema#label","Yves Marie André","20221204_3"
"http://dbpedia.org/resource/Jacopo_Riccati","http://www.w3.org/2000/01/rdf-schema#label","Jacopo Riccati","20221204_3"
"http://dbpedia.org/resource/Jacques_Cassini","http://www.w3.org/2000/01/rdf-schema#label","Jacques Cassini","20221204_3"
"http://dbpedia.org/resource/Jean-Jacques_d'Ortous_de_Mairan","http://www.w3.org/2000/01/rdf-schema#label","Jean-Jacques d'Ortous de Mairan","20221204_3"
"http://dbpedia.org/resource/Pierre_Remond_de_Montmort","http://www.w3.org/2000/01/rdf-schema#label","Pierre Remond de Montmort","20221204_3"
"http://dbpedia.org/resource/Peder_Horrebow","http://www.w3.org/2000/01/rdf-schema#label","Peder Horrebow","20221204_3"
"http://dbpedia.org/resource/Johann_Wilhelm_Wagner","http://www.w3.org/2000/01/rdf-schema#label","Johann Wilhelm Wagner","20221204_3"
"http://dbpedia.org/resource/Gabriele_Manfredi","http://www.w3.org/2000/01/rdf-schema#label","Gabriele Manfredi","20221204_3"
"http://dbpedia.org/resource/Roger_Cotes","http://www.w3.org/2000/01/rdf-schema#label","Roger Cotes","20221204_3"
"http://dbpedia.org/resource/John_Hadley","http://www.w3.org/2000/01/rdf-schema#label","John Hadley","20221204_3"
"http://dbpedia.org/resource/Brook_Taylor","http://www.w3.org/2000/01/rdf-schema#label","Brook Taylor","20221204_3"
"http://dbpedia.org/resource/Niccolò_Gianpriamo","http://www.w3.org/2000/01/rdf-schema#label","Niccolò Gianpriamo","20221204_3"
"http://dbpedia.org/resource/Robert_Simson","http://www.w3.org/2000/01/rdf-schema#label","Robert Simson","20221204_3"
"http://dbpedia.org/resource/Joseph-Nicolas_Delisle","http://www.w3.org/2000/01/rdf-schema#label","Joseph-Nicolas Delisle","20221204_3"
"http://dbpedia.org/resource/Samuel_Molyneux","http://www.w3.org/2000/01/rdf-schema#label","Samuel Molyneux","20221204_3"
"http://dbpedia.org/resource/Robert_Smith_(mathematician)","http://www.w3.org/2000/01/rdf-schema#label","Robert Smith (mathematician)","20221204_3"
"http://dbpedia.org/resource/Christian_Goldbach","http://www.w3.org/2000/01/rdf-schema#label","Christian Goldbach","20221204_3"
"http://dbpedia.org/resource/Alessandro_Galilei","http://www.w3.org/2000/01/rdf-schema#label","Alessandro Galilei","20221204_3"
"http://dbpedia.org/resource/Christian_August_Hausen","http://www.w3.org/2000/01/rdf-schema#label","Christian August Hausen","20221204_3"
"http://dbpedia.org/resource/Christfried_Kirch","http://www.w3.org/2000/01/rdf-schema#label","Christfried Kirch","20221204_3"
"http://dbpedia.org/resource/John_Bevis","http://www.w3.org/2000/01/rdf-schema#label","John Bevis","20221204_3"
"http://dbpedia.org/resource/Nathaniel_Bliss","http://www.w3.org/2000/01/rdf-schema#label","Nathaniel Bliss","20221204_3"
"http://dbpedia.org/resource/Daniel_Bernoulli","http://www.w3.org/2000/01/rdf-schema#label","Daniel Bernoulli","20221204_3"
"http://dbpedia.org/resource/Anders_Celsius","http://www.w3.org/2000/01/rdf-schema#label","Anders Celsius","20221204_3"
"http://dbpedia.org/resource/William_Emerson_(mathematician)","http://www.w3.org/2000/01/rdf-schema#label","William Emerson (mathematician)","20221204_3"
"http://dbpedia.org/resource/Charles_Marie_de_La_Condamine","http://www.w3.org/2000/01/rdf-schema#label","Charles Marie de La Condamine","20221204_3"
"http://dbpedia.org/resource/Ferdinand_Augustin_Hallerstein","http://www.w3.org/2000/01/rdf-schema#label","Ferdinand Augustin Hallerstein","20221204_3"
"http://dbpedia.org/resource/Pedro_Vicente_Maldonado","http://www.w3.org/2000/01/rdf-schema#label","Pedro Vicente Maldonado","20221204_3"
"http://dbpedia.org/resource/Louis_Godin","http://www.w3.org/2000/01/rdf-schema#label","Louis Godin","20221204_3"
"http://dbpedia.org/resource/Gabriel_Cramer","http://www.w3.org/2000/01/rdf-schema#label","Gabriel Cramer","20221204_3"
"http://dbpedia.org/resource/Émilie_du_Châtelet","http://www.w3.org/2000/01/rdf-schema#label","Émilie du Châtelet","20221204_3"
"http://dbpedia.org/resource/Pietro_De_Martino","http://www.w3.org/2000/01/rdf-schema#label","Pietro De Martino","20221204_3"
"http://dbpedia.org/resource/Leonhard_Euler","http://www.w3.org/2000/01/rdf-schema#label","Leonhard Euler","20221204_3"
"http://dbpedia.org/resource/Vincenzo_Riccati","http://www.w3.org/2000/01/rdf-schema#label","Vincenzo Riccati","20221204_3"
"http://dbpedia.org/resource/Georges-Louis_Leclerc,_Comte_de_Buffon","http://www.w3.org/2000/01/rdf-schema#label","Georges-Louis Leclerc, Comte de Buffon","20221204_3"
"http://dbpedia.org/resource/James_Short_(mathematician)","http://www.w3.org/2000/01/rdf-schema#label","James Short (mathematician)","20221204_3"
"http://dbpedia.org/resource/Thomas_Simpson","http://www.w3.org/2000/01/rdf-schema#label","Thomas Simpson","20221204_3"
"http://dbpedia.org/resource/Roger_Joseph_Boscovich","http://www.w3.org/2000/01/rdf-schema#label","Roger Joseph Boscovich","20221204_3"
"http://dbpedia.org/resource/Johann_Samuel_König","http://www.w3.org/2000/01/rdf-schema#label","Johann Samuel König","20221204_3"
"http://dbpedia.org/resource/Alexis_Clairaut","http://www.w3.org/2000/01/rdf-schema#label","Alexis Clairaut","20221204_3"
"http://dbpedia.org/resource/Jean_Godin_des_Odonais","http://www.w3.org/2000/01/rdf-schema#label","Jean Godin des Odonais","20221204_3"
"http://dbpedia.org/resource/Nicolas-Louis_de_Lacaille","http://www.w3.org/2000/01/rdf-schema#label","Nicolas-Louis de Lacaille","20221204_3"
"http://dbpedia.org/resource/Jorge_Juan_y_Santacilia","http://www.w3.org/2000/01/rdf-schema#label","Jorge Juan y Santacilia","20221204_3"
"http://dbpedia.org/resource/John_Winthrop_(educator)","http://www.w3.org/2000/01/rdf-schema#label","John Winthrop (educator)","20221204_3"
"http://dbpedia.org/resource/César-François_Cassini_de_Thury","http://www.w3.org/2000/01/rdf-schema#label","César-François Cassini de Thury","20221204_3"
"http://dbpedia.org/resource/Claude_Adrien_Helvétius","http://www.w3.org/2000/01/rdf-schema#label","Claude Adrien Helvétius","20221204_3"
"http://dbpedia.org/resource/Antonio_de_Ulloa","http://www.w3.org/2000/01/rdf-schema#label","Antonio de Ulloa","20221204_3"
"http://dbpedia.org/resource/Leonardo_Ximenes","http://www.w3.org/2000/01/rdf-schema#label","Leonardo Ximenes","20221204_3"
"http://dbpedia.org/resource/Maria_Gaetana_Agnesi","http://www.w3.org/2000/01/rdf-schema#label","Maria Gaetana Agnesi","20221204_3"
"http://dbpedia.org/resource/Abraham_Gotthelf_Kästner","http://www.w3.org/2000/01/rdf-schema#label","Abraham Gotthelf Kästner","20221204_3"
"http://dbpedia.org/resource/Maximilian_Hell","http://www.w3.org/2000/01/rdf-schema#label","Maximilian Hell","20221204_3"
"http://dbpedia.org/resource/María_Andrea_Casamayor","http://www.w3.org/2000/01/rdf-schema#label","María Andrea Casamayor","20221204_3"
"http://dbpedia.org/resource/Jean-Baptiste_Chappe_d'Auteroche","http://www.w3.org/2000/01/rdf-schema#label","Jean-Baptiste Chappe d'Auteroche","20221204_3"
"http://dbpedia.org/resource/Tobias_Mayer","http://www.w3.org/2000/01/rdf-schema#label","Tobias Mayer","20221204_3"
"http://dbpedia.org/resource/John_Michell","http://www.w3.org/2000/01/rdf-schema#label","John Michell","20221204_3"
"http://dbpedia.org/resource/Franz_Aepinus","http://www.w3.org/2000/01/rdf-schema#label","Franz Aepinus","20221204_3"
"http://dbpedia.org/resource/Guillaume_Le_Gentil","http://www.w3.org/2000/01/rdf-schema#label","Guillaume Le Gentil","20221204_3"
"http://dbpedia.org/resource/Edme-Sébastien_Jeaurat","http://www.w3.org/2000/01/rdf-schema#label","Edme-Sébastien Jeaurat","20221204_3"
"http://dbpedia.org/resource/Jean-Étienne_Montucla","http://www.w3.org/2000/01/rdf-schema#label","Jean-Étienne Montucla","20221204_3"
"http://dbpedia.org/resource/August_Nathanael_Grischow","http://www.w3.org/2000/01/rdf-schema#label","August Nathanael Grischow","20221204_3"
"http://dbpedia.org/resource/Johann_Heinrich_Lambert","http://www.w3.org/2000/01/rdf-schema#label","Johann Heinrich Lambert","20221204_3"
"http://dbpedia.org/resource/Paolo_Frisi","http://www.w3.org/2000/01/rdf-schema#label","Paolo Frisi","20221204_3"
"http://dbpedia.org/resource/Johann_Daniel_Titius","http://www.w3.org/2000/01/rdf-schema#label","Johann Daniel Titius","20221204_3"
"http://dbpedia.org/resource/Nehemiah_Strong","http://www.w3.org/2000/01/rdf-schema#label","Nehemiah Strong","20221204_3"
"http://dbpedia.org/resource/Charles_Messier","http://www.w3.org/2000/01/rdf-schema#label","Charles Messier","20221204_3"
"http://dbpedia.org/resource/Charles_Bossut","http://www.w3.org/2000/01/rdf-schema#label","Charles Bossut","20221204_3"
"http://dbpedia.org/resource/Étienne_Bézout","http://www.w3.org/2000/01/rdf-schema#label","Étienne Bézout","20221204_3"
"http://dbpedia.org/resource/Benjamin_Banneker","http://www.w3.org/2000/01/rdf-schema#label","Benjamin Banneker","20221204_3"
"http://dbpedia.org/resource/Francis_Wollaston_(astronomer)","http://www.w3.org/2000/01/rdf-schema#label","Francis Wollaston (astronomer)","20221204_3"
"http://dbpedia.org/resource/David_Rittenhouse","http://www.w3.org/2000/01/rdf-schema#label","David Rittenhouse","20221204_3"
"http://dbpedia.org/resource/Nevil_Maskelyne","http://www.w3.org/2000/01/rdf-schema#label","Nevil Maskelyne","20221204_3"
"http://dbpedia.org/resource/Jérôme_Lalande","http://www.w3.org/2000/01/rdf-schema#label","Jérôme Lalande","20221204_3"
"http://dbpedia.org/resource/Wenceslaus_Johann_Gustav_Karsten","http://www.w3.org/2000/01/rdf-schema#label","Wenceslaus Johann Gustav Karsten","20221204_3"
"http://dbpedia.org/resource/José_Celestino_Mutis","http://www.w3.org/2000/01/rdf-schema#label","José Celestino Mutis","20221204_3"
"http://dbpedia.org/resource/Émiland_Gauthey","http://www.w3.org/2000/01/rdf-schema#label","Émiland Gauthey","20221204_3"
"http://dbpedia.org/resource/Joseph_Brown_(astronomer)","http://www.w3.org/2000/01/rdf-schema#label","Joseph Brown (astronomer)","20221204_3"
"http://dbpedia.org/resource/Jeremiah_Dixon","http://www.w3.org/2000/01/rdf-schema#label","Jeremiah Dixon","20221204_3"
"http://dbpedia.org/resource/Jean-Charles_de_Borda","http://www.w3.org/2000/01/rdf-schema#label","Jean-Charles de Borda","20221204_3"
"http://dbpedia.org/resource/Carsten_Niebuhr","http://www.w3.org/2000/01/rdf-schema#label","Carsten Niebuhr","20221204_3"
"http://dbpedia.org/resource/Franz_Mesmer","http://www.w3.org/2000/01/rdf-schema#label","Franz Mesmer","20221204_3"
"http://dbpedia.org/resource/Johann_Euler","http://www.w3.org/2000/01/rdf-schema#label","Johann Euler","20221204_3"
"http://dbpedia.org/resource/Jacob_Philadelphia","http://www.w3.org/2000/01/rdf-schema#label","Jacob Philadelphia","20221204_3"
"http://dbpedia.org/resource/Antonio_Maria_Lorgna","http://www.w3.org/2000/01/rdf-schema#label","Antonio Maria Lorgna","20221204_3"
"http://dbpedia.org/resource/Gregorio_Fontana","http://www.w3.org/2000/01/rdf-schema#label","Gregorio Fontana","20221204_3"
"http://dbpedia.org/resource/Jesse_Ramsden","http://www.w3.org/2000/01/rdf-schema#label","Jesse Ramsden","20221204_3"
"http://dbpedia.org/resource/James_Lind_(naturalist)","http://www.w3.org/2000/01/rdf-schema#label","James Lind (naturalist)","20221204_3"
"http://dbpedia.org/resource/Jean_Sylvain_Bailly","http://www.w3.org/2000/01/rdf-schema#label","Jean Sylvain Bailly","20221204_3"
"http://dbpedia.org/resource/Joseph-Louis_Lagrange","http://www.w3.org/2000/01/rdf-schema#label","Joseph-Louis Lagrange","20221204_3"
"http://dbpedia.org/resource/Charles_Hutton","http://www.w3.org/2000/01/rdf-schema#label","Charles Hutton","20221204_3"
"http://dbpedia.org/resource/Nicolas_Vilant","http://www.w3.org/2000/01/rdf-schema#label","Nicolas Vilant","20221204_3"
"http://dbpedia.org/resource/William_Herschel","http://www.w3.org/2000/01/rdf-schema#label","William Herschel","20221204_3"
"http://dbpedia.org/resource/Anders_Johan_Lexell","http://www.w3.org/2000/01/rdf-schema#label","Anders Johan Lexell","20221204_3"
"http://dbpedia.org/resource/Jacques-André_Mallet","http://www.w3.org/2000/01/rdf-schema#label","Jacques-André Mallet","20221204_3"
"http://dbpedia.org/resource/Antonio_Ludeña","http://www.w3.org/2000/01/rdf-schema#label","Antonio Ludeña","20221204_3"
"http://dbpedia.org/resource/Thomas_Knowlton","http://www.w3.org/2000/01/rdf-schema#label","Thomas Knowlton","20221204_3"
"http://dbpedia.org/resource/Patrick_Wilson_(astronomer)","http://www.w3.org/2000/01/rdf-schema#label","Patrick Wilson (astronomer)","20221204_3"
"http://dbpedia.org/resource/Marquis_de_Condorcet","http://www.w3.org/2000/01/rdf-schema#label","Marquis de Condorcet","20221204_3"
"http://dbpedia.org/resource/Robert_Hamilton_(economist)","http://www.w3.org/2000/01/rdf-schema#label","Robert Hamilton (economist)","20221204_3"
"http://dbpedia.org/resource/Pierre_Méchain","http://www.w3.org/2000/01/rdf-schema#label","Pierre Méchain","20221204_3"
"http://dbpedia.org/resource/Eise_Eisinga","http://www.w3.org/2000/01/rdf-schema#label","Eise Eisinga","20221204_3"
"http://dbpedia.org/resource/Inō_Tadataka","http://www.w3.org/2000/01/rdf-schema#label","Inō Tadataka","20221204_3"
"http://dbpedia.org/resource/Caspar_Wessel","http://www.w3.org/2000/01/rdf-schema#label","Caspar Wessel","20221204_3"
"http://dbpedia.org/resource/Giuseppe_Piazzi","http://www.w3.org/2000/01/rdf-schema#label","Giuseppe Piazzi","20221204_3"
"http://dbpedia.org/resource/Gaspard_Monge","http://www.w3.org/2000/01/rdf-schema#label","Gaspard Monge","20221204_3"
"http://dbpedia.org/resource/William_Trail","http://www.w3.org/2000/01/rdf-schema#label","William Trail","20221204_3"
"http://dbpedia.org/resource/Jacques_Charles","http://www.w3.org/2000/01/rdf-schema#label","Jacques Charles","20221204_3"
"http://dbpedia.org/resource/Johann_Elert_Bode","http://www.w3.org/2000/01/rdf-schema#label","Johann Elert Bode","20221204_3"
"http://dbpedia.org/resource/Aida_Yasuaki","http://www.w3.org/2000/01/rdf-schema#label","Aida Yasuaki","20221204_3"
"http://dbpedia.org/resource/Dominique,_comte_de_Cassini","http://www.w3.org/2000/01/rdf-schema#label","Dominique, comte de Cassini","20221204_3"
"http://dbpedia.org/resource/Pietro_Cossali","http://www.w3.org/2000/01/rdf-schema#label","Pietro Cossali","20221204_3"
"http://dbpedia.org/resource/Charles_de_Tinseau_d'Amondans","http://www.w3.org/2000/01/rdf-schema#label","Charles de Tinseau d'Amondans","20221204_3"
"http://dbpedia.org/resource/Pierre-Simon_Laplace","http://www.w3.org/2000/01/rdf-schema#label","Pierre-Simon Laplace","20221204_3"
"http://dbpedia.org/resource/Caroline_Herschel","http://www.w3.org/2000/01/rdf-schema#label","Caroline Herschel","20221204_3"
"http://dbpedia.org/resource/Gilbert_Romme","http://www.w3.org/2000/01/rdf-schema#label","Gilbert Romme","20221204_3"
"http://dbpedia.org/resource/Isaac_Milner","http://www.w3.org/2000/01/rdf-schema#label","Isaac Milner","20221204_3"
"http://dbpedia.org/resource/Abraham_Robertson","http://www.w3.org/2000/01/rdf-schema#label","Abraham Robertson","20221204_3"
"http://dbpedia.org/resource/Barnaba_Oriani","http://www.w3.org/2000/01/rdf-schema#label","Barnaba Oriani","20221204_3"
"http://dbpedia.org/resource/Adrien-Marie_Legendre","http://www.w3.org/2000/01/rdf-schema#label","Adrien-Marie Legendre","20221204_3"
"http://dbpedia.org/resource/Lazare_Carnot","http://www.w3.org/2000/01/rdf-schema#label","Lazare Carnot","20221204_3"
"http://dbpedia.org/resource/Nicola_Fergola","http://www.w3.org/2000/01/rdf-schema#label","Nicola Fergola","20221204_3"
"http://dbpedia.org/resource/Franz_Xaver_von_Zach","http://www.w3.org/2000/01/rdf-schema#label","Franz Xaver von Zach","20221204_3"
"http://dbpedia.org/resource/Andrew_Ellicott","http://www.w3.org/2000/01/rdf-schema#label","Andrew Ellicott","20221204_3"
"http://dbpedia.org/resource/Jurij_Vega","http://www.w3.org/2000/01/rdf-schema#label","Jurij Vega","20221204_3"
"http://dbpedia.org/resource/Gaspard_de_Prony","http://www.w3.org/2000/01/rdf-schema#label","Gaspard de Prony","20221204_3"
"http://dbpedia.org/resource/Marc-Antoine_Parseval","http://www.w3.org/2000/01/rdf-schema#label","Marc-Antoine Parseval","20221204_3"
"http://dbpedia.org/resource/Eusebio_Valli","http://www.w3.org/2000/01/rdf-schema#label","Eusebio Valli","20221204_3"
"http://dbpedia.org/resource/Nicolas_Fuss","http://www.w3.org/2000/01/rdf-schema#label","Nicolas Fuss","20221204_3"
"http://dbpedia.org/resource/Ernst_Chladni","http://www.w3.org/2000/01/rdf-schema#label","Ernst Chladni","20221204_3"
"http://dbpedia.org/resource/Jan_Śniadecki","http://www.w3.org/2000/01/rdf-schema#label","Jan Śniadecki","20221204_3"
"http://dbpedia.org/resource/John_West_(mathematician)","http://www.w3.org/2000/01/rdf-schema#label","John West (mathematician)","20221204_3"
"http://dbpedia.org/resource/Thomas_Jones_(mathematician)","http://www.w3.org/2000/01/rdf-schema#label","Thomas Jones (mathematician)","20221204_3"
"http://dbpedia.org/resource/Heinrich_Wilhelm_Matthias_Olbers","http://www.w3.org/2000/01/rdf-schema#label","Heinrich Wilhelm Matthias Olbers","20221204_3"
"http://dbpedia.org/resource/Ernst_Friedrich_Knorre","http://www.w3.org/2000/01/rdf-schema#label","Ernst Friedrich Knorre","20221204_3"
"http://dbpedia.org/resource/Francisco_de_Borja_Garção_Stockler","http://www.w3.org/2000/01/rdf-schema#label","Francisco de Borja Garção Stockler","20221204_3"
"http://dbpedia.org/resource/Pietro_Paoli","http://www.w3.org/2000/01/rdf-schema#label","Pietro Paoli","20221204_3"
"http://dbpedia.org/resource/Jared_Mansfield","http://www.w3.org/2000/01/rdf-schema#label","Jared Mansfield","20221204_3"
"http://dbpedia.org/resource/Louis_François_Antoine_Arbogast","http://www.w3.org/2000/01/rdf-schema#label","Louis François Antoine Arbogast","20221204_3"
"http://dbpedia.org/resource/Auguste-Savinien_Leblond","http://www.w3.org/2000/01/rdf-schema#label","Auguste-Savinien Leblond","20221204_3"
"http://dbpedia.org/resource/Christian_Kramp","http://www.w3.org/2000/01/rdf-schema#label","Christian Kramp","20221204_3"
"http://dbpedia.org/resource/Jean-Louis_Pons","http://www.w3.org/2000/01/rdf-schema#label","Jean-Louis Pons","20221204_3"
"http://dbpedia.org/resource/Josef_de_Mendoza_y_Ríos","http://www.w3.org/2000/01/rdf-schema#label","Josef de Mendoza y Ríos","20221204_3"
"http://dbpedia.org/resource/Blasius_Merrem","http://www.w3.org/2000/01/rdf-schema#label","Blasius Merrem","20221204_3"
"http://dbpedia.org/resource/José_Joaquín_de_Ferrer","http://www.w3.org/2000/01/rdf-schema#label","José Joaquín de Ferrer","20221204_3"
"http://dbpedia.org/resource/John_Goodricke","http://www.w3.org/2000/01/rdf-schema#label","John Goodricke","20221204_3"
"http://dbpedia.org/resource/Takahashi_Yoshitoki","http://www.w3.org/2000/01/rdf-schema#label","Takahashi Yoshitoki","20221204_3"
"http://dbpedia.org/resource/Luca_de_Samuele_Cagnazzi","http://www.w3.org/2000/01/rdf-schema#label","Luca de Samuele Cagnazzi","20221204_3"
"http://dbpedia.org/resource/Karl_Ludwig_Harding","http://www.w3.org/2000/01/rdf-schema#label","Karl Ludwig Harding","20221204_3"
"http://dbpedia.org/resource/Thomas_Norris_(1765–1852)","http://www.w3.org/2000/01/rdf-schema#label","Thomas Norris (1765–1852)","20221204_3"
"http://dbpedia.org/resource/Sylvestre_François_Lacroix","http://www.w3.org/2000/01/rdf-schema#label","Sylvestre François Lacroix","20221204_3"
"http://dbpedia.org/resource/James_Ivory_(mathematician)","http://www.w3.org/2000/01/rdf-schema#label","James Ivory (mathematician)","20221204_3"
"http://dbpedia.org/resource/Peter_Nicholson_(architect)","http://www.w3.org/2000/01/rdf-schema#label","Peter Nicholson (architect)","20221204_3"
"http://dbpedia.org/resource/Pierre-Simon_Girard","http://www.w3.org/2000/01/rdf-schema#label","Pierre-Simon Girard","20221204_3"
"http://dbpedia.org/resource/Paolo_Ruffini","http://www.w3.org/2000/01/rdf-schema#label","Paolo Ruffini","20221204_3"
"http://dbpedia.org/resource/Johann_Friedrich_Pfaff","http://www.w3.org/2000/01/rdf-schema#label","Johann Friedrich Pfaff","20221204_3"
"http://dbpedia.org/resource/John_Leslie_(physicist)","http://www.w3.org/2000/01/rdf-schema#label","John Leslie (physicist)","20221204_3"
"http://dbpedia.org/resource/Alexis_Bouvard","http://www.w3.org/2000/01/rdf-schema#label","Alexis Bouvard","20221204_3"
"http://dbpedia.org/resource/François-Joseph_Servois","http://www.w3.org/2000/01/rdf-schema#label","François-Joseph Servois","20221204_3"
"http://dbpedia.org/resource/Francisco_José_de_Caldas","http://www.w3.org/2000/01/rdf-schema#label","Francisco José de Caldas","20221204_3"
"http://dbpedia.org/resource/Vincenzo_Brunacci","http://www.w3.org/2000/01/rdf-schema#label","Vincenzo Brunacci","20221204_3"
"http://dbpedia.org/resource/François_Français","http://www.w3.org/2000/01/rdf-schema#label","François Français","20221204_3"
"http://dbpedia.org/resource/Jean-Robert_Argand","http://www.w3.org/2000/01/rdf-schema#label","Jean-Robert Argand","20221204_3"
"http://dbpedia.org/resource/Joseph_Fourier","http://www.w3.org/2000/01/rdf-schema#label","Joseph Fourier","20221204_3"
"http://dbpedia.org/resource/Li_Rui_(mathematician)","http://www.w3.org/2000/01/rdf-schema#label","Li Rui (mathematician)","20221204_3"
"http://dbpedia.org/resource/André-Jacques_Garnerin","http://www.w3.org/2000/01/rdf-schema#label","André-Jacques Garnerin","20221204_3"
"http://dbpedia.org/resource/Jean_Nicolas_Pierre_Hachette","http://www.w3.org/2000/01/rdf-schema#label","Jean Nicolas Pierre Hachette","20221204_3"
"http://dbpedia.org/resource/Johann_Christian_Martin_Bartels","http://www.w3.org/2000/01/rdf-schema#label","Johann Christian Martin Bartels","20221204_3"
"http://dbpedia.org/resource/William_Gooch_(astronomer)","http://www.w3.org/2000/01/rdf-schema#label","William Gooch (astronomer)","20221204_3"
"http://dbpedia.org/resource/Niccolò_Cacciatore","http://www.w3.org/2000/01/rdf-schema#label","Niccolò Cacciatore","20221204_3"
