"o1","bY","birthYear","import_metadata"
"http://dbpedia.org/resource/Abraham_Zacuto","http://dbpedia.org/ontology/birthYear",1452,"20221204_1"
"http://dbpedia.org/resource/Leonardo_da_Vinci","http://dbpedia.org/ontology/birthYear",1452,"20221204_1"
"http://dbpedia.org/resource/Johannes_Engel","http://dbpedia.org/ontology/birthYear",1453,"20221204_1"
"http://dbpedia.org/resource/Domenico_Maria_Novara_da_Ferrara","http://dbpedia.org/ontology/birthYear",1454,"20221204_1"
"http://dbpedia.org/resource/Scipione_del_Ferro","http://dbpedia.org/ontology/birthYear",1465,"20221204_1"
"http://dbpedia.org/resource/Nicolaus_Copernicus","http://dbpedia.org/ontology/birthYear",1473,"20221204_1"
"http://dbpedia.org/resource/Tiedemann_Giese","http://dbpedia.org/ontology/birthYear",1480,"20221204_1"
"http://dbpedia.org/resource/Heinrich_Cornelius_Agrippa","http://dbpedia.org/ontology/birthYear",1486,"20221204_1"
"http://dbpedia.org/resource/Matteo_Tafuri","http://dbpedia.org/ontology/birthYear",1492,"20221204_1"
"http://dbpedia.org/resource/Adam_Ries","http://dbpedia.org/ontology/birthYear",1492,"20221204_1"
"http://dbpedia.org/resource/Nicolaus_Olahus","http://dbpedia.org/ontology/birthYear",1493,"20221204_1"
"http://dbpedia.org/resource/Oronce_Finé","http://dbpedia.org/ontology/birthYear",1494,"20221204_1"
"http://dbpedia.org/resource/Gerolamo_Cardano","http://dbpedia.org/ontology/birthYear",1501,"20221204_1"
"http://dbpedia.org/resource/Nostradamus","http://dbpedia.org/ontology/birthYear",1503,"20221204_1"
"http://dbpedia.org/resource/Erasmus_Reinhold","http://dbpedia.org/ontology/birthYear",1511,"20221204_1"
"http://dbpedia.org/resource/Georg_Joachim_Rheticus","http://dbpedia.org/ontology/birthYear",1514,"20221204_1"
"http://dbpedia.org/resource/Jacques_Pelletier_du_Mans","http://dbpedia.org/ontology/birthYear",1517,"20221204_1"
"http://dbpedia.org/resource/Martin_Chemnitz","http://dbpedia.org/ontology/birthYear",1522,"20221204_1"
"http://dbpedia.org/resource/Lodovico_Ferrari","http://dbpedia.org/ontology/birthYear",1522,"20221204_1"
"http://dbpedia.org/resource/Peter_Agricola","http://dbpedia.org/ontology/birthYear",1525,"20221204_1"
"http://dbpedia.org/resource/Tadeáš_Hájek","http://dbpedia.org/ontology/birthYear",1525,"20221204_1"
"http://dbpedia.org/resource/John_Dee","http://dbpedia.org/ontology/birthYear",1527,"20221204_1"
"http://dbpedia.org/resource/Giambattista_Benedetti","http://dbpedia.org/ontology/birthYear",1530,"20221204_1"
"http://dbpedia.org/resource/Christopher_Clavius","http://dbpedia.org/ontology/birthYear",1538,"20221204_1"
"http://dbpedia.org/resource/Ludolph_van_Ceulen","http://dbpedia.org/ontology/birthYear",1540,"20221204_1"
"http://dbpedia.org/resource/Ostilio_Ricci","http://dbpedia.org/ontology/birthYear",1540,"20221204_1"
"http://dbpedia.org/resource/Tycho_Brahe","http://dbpedia.org/ontology/birthYear",1546,"20221204_1"
"http://dbpedia.org/resource/Rudolph_Snellius","http://dbpedia.org/ontology/birthYear",1546,"20221204_1"
"http://dbpedia.org/resource/Baha'_al-din_al-'Amili","http://dbpedia.org/ontology/birthYear",1547,"20221204_1"
"http://dbpedia.org/resource/John_Napier","http://dbpedia.org/ontology/birthYear",1550,"20221204_1"
"http://dbpedia.org/resource/Simon_Forman","http://dbpedia.org/ontology/birthYear",1552,"20221204_1"
"http://dbpedia.org/resource/Jost_Bürgi","http://dbpedia.org/ontology/birthYear",1552,"20221204_1"
"http://dbpedia.org/resource/Petrus_Ryff","http://dbpedia.org/ontology/birthYear",1552,"20221204_1"
"http://dbpedia.org/resource/Francis_Bacon","http://dbpedia.org/ontology/birthYear",1561,"20221204_1"
"http://dbpedia.org/resource/Christopher_Heydon","http://dbpedia.org/ontology/birthYear",1561,"20221204_1"
"http://dbpedia.org/resource/Henry_Briggs_(mathematician)","http://dbpedia.org/ontology/birthYear",1561,"20221204_1"
"http://dbpedia.org/resource/Christen_Sørensen_Longomontanus","http://dbpedia.org/ontology/birthYear",1562,"20221204_1"
"http://dbpedia.org/resource/Galileo_Galilei","http://dbpedia.org/ontology/birthYear",1564,"20221204_1"
"http://dbpedia.org/resource/Cort_Aslakssøn","http://dbpedia.org/ontology/birthYear",1564,"20221204_1"
"http://dbpedia.org/resource/Laurentius_Paulinus_Gothus","http://dbpedia.org/ontology/birthYear",1565,"20221204_1"
"http://dbpedia.org/resource/Tommaso_Campanella","http://dbpedia.org/ontology/birthYear",1568,"20221204_1"
"http://dbpedia.org/resource/Marino_Ghetaldi","http://dbpedia.org/ontology/birthYear",1568,"20221204_1"
"http://dbpedia.org/resource/Johannes_Kepler","http://dbpedia.org/ontology/birthYear",1571,"20221204_1"
"http://dbpedia.org/resource/Adriaan_Metius","http://dbpedia.org/ontology/birthYear",1571,"20221204_1"
"http://dbpedia.org/resource/Simon_Marius","http://dbpedia.org/ontology/birthYear",1573,"20221204_1"
"http://dbpedia.org/resource/Robert_Fludd","http://dbpedia.org/ontology/birthYear",1574,"20221204_1"
"http://dbpedia.org/resource/William_Oughtred","http://dbpedia.org/ontology/birthYear",1574,"20221204_1"
"http://dbpedia.org/resource/Anne_Turner_(murderer)","http://dbpedia.org/ontology/birthYear",1576,"20221204_1"
"http://dbpedia.org/resource/Paul_Guldin","http://dbpedia.org/ontology/birthYear",1577,"20221204_1"
"http://dbpedia.org/resource/Willebrord_Snellius","http://dbpedia.org/ontology/birthYear",1580,"20221204_1"
"http://dbpedia.org/resource/Godefroy_Wendelin","http://dbpedia.org/ontology/birthYear",1580,"20221204_1"
"http://dbpedia.org/resource/Claude_Gaspar_Bachet_de_Méziriac","http://dbpedia.org/ontology/birthYear",1581,"20221204_1"
"http://dbpedia.org/resource/Mario_Bettinus","http://dbpedia.org/ontology/birthYear",1582,"20221204_1"
"http://dbpedia.org/resource/Niccolò_Zucchi","http://dbpedia.org/ontology/birthYear",1586,"20221204_1"
"http://dbpedia.org/resource/Benjamin_Bramer","http://dbpedia.org/ontology/birthYear",1588,"20221204_1"
"http://dbpedia.org/resource/Ole_Worm","http://dbpedia.org/ontology/birthYear",1588,"20221204_1"
"http://dbpedia.org/resource/Johann_Adam_Schall_von_Bell","http://dbpedia.org/ontology/birthYear",1591,"20221204_1"
"http://dbpedia.org/resource/Pierre_Gassendi","http://dbpedia.org/ontology/birthYear",1592,"20221204_1"
"http://dbpedia.org/resource/René_Descartes","http://dbpedia.org/ontology/birthYear",1596,"20221204_1"
"http://dbpedia.org/resource/Giovanni_Battista_Riccioli","http://dbpedia.org/ontology/birthYear",1598,"20221204_1"
"http://dbpedia.org/resource/Ovidio_Montalbani","http://dbpedia.org/ontology/birthYear",1601,"20221204_1"
"http://dbpedia.org/resource/Florimond_de_Beaune","http://dbpedia.org/ontology/birthYear",1601,"20221204_1"
"http://dbpedia.org/resource/William_Lilly","http://dbpedia.org/ontology/birthYear",1602,"20221204_1"
"http://dbpedia.org/resource/Gilles_de_Roberval","http://dbpedia.org/ontology/birthYear",1602,"20221204_1"
"http://dbpedia.org/resource/Placidus_de_Titis","http://dbpedia.org/ontology/birthYear",1603,"20221204_1"
"http://dbpedia.org/resource/Ismaël_Bullialdus","http://dbpedia.org/ontology/birthYear",1605,"20221204_1"
"http://dbpedia.org/resource/Vincentio_Reinieri","http://dbpedia.org/ontology/birthYear",1606,"20221204_1"
"http://dbpedia.org/resource/Juan_Caramuel_y_Lobkowitz","http://dbpedia.org/ontology/birthYear",1606,"20221204_1"
"http://dbpedia.org/resource/Pierre_de_Fermat","http://dbpedia.org/ontology/birthYear",1607,"20221204_1"
"http://dbpedia.org/resource/Giovanni_Alfonso_Borelli","http://dbpedia.org/ontology/birthYear",1608,"20221204_1"
"http://dbpedia.org/resource/Honoré_Fabri","http://dbpedia.org/ontology/birthYear",1608,"20221204_1"
"http://dbpedia.org/resource/Johannes_Hevelius","http://dbpedia.org/ontology/birthYear",1611,"20221204_1"
"http://dbpedia.org/resource/John_Pell_(mathematician)","http://dbpedia.org/ontology/birthYear",1611,"20221204_1"
"http://dbpedia.org/resource/Nicholas_Culpeper","http://dbpedia.org/ontology/birthYear",1616,"20221204_1"
"http://dbpedia.org/resource/Thomas_Bartholin","http://dbpedia.org/ontology/birthYear",1616,"20221204_1"
"http://dbpedia.org/resource/Elias_Ashmole","http://dbpedia.org/ontology/birthYear",1617,"20221204_1"
"http://dbpedia.org/resource/Francesco_Maria_Grimaldi","http://dbpedia.org/ontology/birthYear",1618,"20221204_1"
"http://dbpedia.org/resource/Michelangelo_Ricci","http://dbpedia.org/ontology/birthYear",1619,"20221204_1"
"http://dbpedia.org/resource/Jean_Picard","http://dbpedia.org/ontology/birthYear",1620,"20221204_1"
"http://dbpedia.org/resource/Magnus_Celsius","http://dbpedia.org/ontology/birthYear",1621,"20221204_1"
"http://dbpedia.org/resource/Vincenzo_Viviani","http://dbpedia.org/ontology/birthYear",1622,"20221204_1"
"http://dbpedia.org/resource/René-François_de_Sluse","http://dbpedia.org/ontology/birthYear",1622,"20221204_1"
"http://dbpedia.org/resource/Ferdinand_Verbiest","http://dbpedia.org/ontology/birthYear",1623,"20221204_1"
"http://dbpedia.org/resource/Blaise_Pascal","http://dbpedia.org/ontology/birthYear",1623,"20221204_1"
"http://dbpedia.org/resource/Giovanni_Domenico_Cassini","http://dbpedia.org/ontology/birthYear",1625,"20221204_1"
"http://dbpedia.org/resource/Erhard_Weigel","http://dbpedia.org/ontology/birthYear",1625,"20221204_1"
"http://dbpedia.org/resource/William_Ramsay_(astrologer)","http://dbpedia.org/ontology/birthYear",1626,"20221204_1"
"http://dbpedia.org/resource/Johannes_Hudde","http://dbpedia.org/ontology/birthYear",1628,"20221204_1"
"http://dbpedia.org/resource/Christiaan_Huygens","http://dbpedia.org/ontology/birthYear",1629,"20221204_1"
"http://dbpedia.org/resource/Richard_Towneley","http://dbpedia.org/ontology/birthYear",1629,"20221204_1"
"http://dbpedia.org/resource/Samuel_von_Pufendorf","http://dbpedia.org/ontology/birthYear",1632,"20221204_1"
"http://dbpedia.org/resource/Alessandro_Marchetti_(mathematician)","http://dbpedia.org/ontology/birthYear",1633,"20221204_1"
"http://dbpedia.org/resource/Francis_Willughby","http://dbpedia.org/ontology/birthYear",1635,"20221204_1"
"http://dbpedia.org/resource/Gottfried_Kirch","http://dbpedia.org/ontology/birthYear",1639,"20221204_1"
"http://dbpedia.org/resource/Philippe_de_La_Hire","http://dbpedia.org/ontology/birthYear",1640,"20221204_1"
"http://dbpedia.org/resource/Bernard_Lamy","http://dbpedia.org/ontology/birthYear",1640,"20221204_1"
"http://dbpedia.org/resource/Jacques_Ozanam","http://dbpedia.org/ontology/birthYear",1640,"20221204_1"
"http://dbpedia.org/resource/Isaac_Newton","http://dbpedia.org/ontology/birthYear",1642,"20221204_1"
"http://dbpedia.org/resource/Ole_Rømer","http://dbpedia.org/ontology/birthYear",1644,"20221204_1"
"http://dbpedia.org/resource/Otto_Mencke","http://dbpedia.org/ontology/birthYear",1644,"20221204_1"
"http://dbpedia.org/resource/Eusebio_Kino","http://dbpedia.org/ontology/birthYear",1645,"20221204_1"
"http://dbpedia.org/resource/Thomas_Pereira","http://dbpedia.org/ontology/birthYear",1645,"20221204_1"
"http://dbpedia.org/resource/John_Flamsteed","http://dbpedia.org/ontology/birthYear",1646,"20221204_1"
"http://dbpedia.org/resource/Charles_Honoré_d'Albert,_duc_de_Luynes","http://dbpedia.org/ontology/birthYear",1646,"20221204_1"
"http://dbpedia.org/resource/Gottfried_Wilhelm_Leibniz","http://dbpedia.org/ontology/birthYear",1646,"20221204_1"
"http://dbpedia.org/resource/Giovanni_Ceva","http://dbpedia.org/ontology/birthYear",1647,"20221204_1"
"http://dbpedia.org/resource/Tommaso_Ceva","http://dbpedia.org/ontology/birthYear",1648,"20221204_1"
"http://dbpedia.org/resource/Ehrenfried_Walther_von_Tschirnhaus","http://dbpedia.org/ontology/birthYear",1651,"20221204_1"
"http://dbpedia.org/resource/Michel_Rolle","http://dbpedia.org/ontology/birthYear",1652,"20221204_1"
"http://dbpedia.org/resource/William_Molyneux","http://dbpedia.org/ontology/birthYear",1656,"20221204_1"
"http://dbpedia.org/resource/Nicolaas_Hartsoeker","http://dbpedia.org/ontology/birthYear",1656,"20221204_1"
"http://dbpedia.org/resource/David_Gregory_(mathematician)","http://dbpedia.org/ontology/birthYear",1659,"20221204_1"
"http://dbpedia.org/resource/Jacob_Roggeveen","http://dbpedia.org/ontology/birthYear",1659,"20221204_1"
"http://dbpedia.org/resource/Thomas_Fantet_de_Lagny","http://dbpedia.org/ontology/birthYear",1660,"20221204_1"
"http://dbpedia.org/resource/Nicolas_Fatio_de_Duillier","http://dbpedia.org/ontology/birthYear",1664,"20221204_1"
"http://dbpedia.org/resource/Johannes_Kelpius","http://dbpedia.org/ontology/birthYear",1667,"20221204_1"
"http://dbpedia.org/resource/Abraham_de_Moivre","http://dbpedia.org/ontology/birthYear",1667,"20221204_1"
"http://dbpedia.org/resource/William_Whiston","http://dbpedia.org/ontology/birthYear",1667,"20221204_1"
"http://dbpedia.org/resource/Johann_Bernoulli","http://dbpedia.org/ontology/birthYear",1667,"20221204_1"
"http://dbpedia.org/resource/Jacob_Bruce","http://dbpedia.org/ontology/birthYear",1669,"20221204_1"
"http://dbpedia.org/resource/Maria_Margaretha_Kirch","http://dbpedia.org/ontology/birthYear",1670,"20221204_1"
"http://dbpedia.org/resource/John_Keill","http://dbpedia.org/ontology/birthYear",1671,"20221204_1"
"http://dbpedia.org/resource/Richard_Mead","http://dbpedia.org/ontology/birthYear",1673,"20221204_1"
"http://dbpedia.org/resource/Eustachio_Manfredi","http://dbpedia.org/ontology/birthYear",1674,"20221204_1"
"http://dbpedia.org/resource/Yves_Marie_André","http://dbpedia.org/ontology/birthYear",1675,"20221204_1"
"http://dbpedia.org/resource/Jacopo_Riccati","http://dbpedia.org/ontology/birthYear",1676,"20221204_1"
"http://dbpedia.org/resource/Jacques_Cassini","http://dbpedia.org/ontology/birthYear",1677,"20221204_1"
"http://dbpedia.org/resource/Jean-Jacques_d'Ortous_de_Mairan","http://dbpedia.org/ontology/birthYear",1678,"20221204_1"
"http://dbpedia.org/resource/Pierre_Remond_de_Montmort","http://dbpedia.org/ontology/birthYear",1678,"20221204_1"
"http://dbpedia.org/resource/Peder_Horrebow","http://dbpedia.org/ontology/birthYear",1679,"20221204_1"
"http://dbpedia.org/resource/Johann_Wilhelm_Wagner","http://dbpedia.org/ontology/birthYear",1681,"20221204_1"
"http://dbpedia.org/resource/Gabriele_Manfredi","http://dbpedia.org/ontology/birthYear",1681,"20221204_1"
"http://dbpedia.org/resource/Roger_Cotes","http://dbpedia.org/ontology/birthYear",1682,"20221204_1"
"http://dbpedia.org/resource/John_Hadley","http://dbpedia.org/ontology/birthYear",1682,"20221204_1"
"http://dbpedia.org/resource/Brook_Taylor","http://dbpedia.org/ontology/birthYear",1685,"20221204_1"
"http://dbpedia.org/resource/Niccolò_Gianpriamo","http://dbpedia.org/ontology/birthYear",1686,"20221204_1"
"http://dbpedia.org/resource/Robert_Simson","http://dbpedia.org/ontology/birthYear",1687,"20221204_1"
"http://dbpedia.org/resource/Joseph-Nicolas_Delisle","http://dbpedia.org/ontology/birthYear",1688,"20221204_1"
"http://dbpedia.org/resource/Samuel_Molyneux","http://dbpedia.org/ontology/birthYear",1689,"20221204_1"
"http://dbpedia.org/resource/Robert_Smith_(mathematician)","http://dbpedia.org/ontology/birthYear",1689,"20221204_1"
"http://dbpedia.org/resource/Christian_Goldbach","http://dbpedia.org/ontology/birthYear",1690,"20221204_1"
"http://dbpedia.org/resource/Alessandro_Galilei","http://dbpedia.org/ontology/birthYear",1691,"20221204_1"
"http://dbpedia.org/resource/Christian_August_Hausen","http://dbpedia.org/ontology/birthYear",1693,"20221204_1"
"http://dbpedia.org/resource/Christfried_Kirch","http://dbpedia.org/ontology/birthYear",1694,"20221204_1"
"http://dbpedia.org/resource/John_Bevis","http://dbpedia.org/ontology/birthYear",1695,"20221204_1"
"http://dbpedia.org/resource/Nathaniel_Bliss","http://dbpedia.org/ontology/birthYear",1700,"20221204_1"
"http://dbpedia.org/resource/Daniel_Bernoulli","http://dbpedia.org/ontology/birthYear",1700,"20221204_1"
"http://dbpedia.org/resource/Anders_Celsius","http://dbpedia.org/ontology/birthYear",1701,"20221204_1"
"http://dbpedia.org/resource/William_Emerson_(mathematician)","http://dbpedia.org/ontology/birthYear",1701,"20221204_1"
"http://dbpedia.org/resource/Charles_Marie_de_La_Condamine","http://dbpedia.org/ontology/birthYear",1701,"20221204_1"
"http://dbpedia.org/resource/Ferdinand_Augustin_Hallerstein","http://dbpedia.org/ontology/birthYear",1703,"20221204_1"
"http://dbpedia.org/resource/Pedro_Vicente_Maldonado","http://dbpedia.org/ontology/birthYear",1704,"20221204_1"
"http://dbpedia.org/resource/Louis_Godin","http://dbpedia.org/ontology/birthYear",1704,"20221204_1"
"http://dbpedia.org/resource/Gabriel_Cramer","http://dbpedia.org/ontology/birthYear",1704,"20221204_1"
"http://dbpedia.org/resource/Émilie_du_Châtelet","http://dbpedia.org/ontology/birthYear",1706,"20221204_1"
"http://dbpedia.org/resource/Pietro_De_Martino","http://dbpedia.org/ontology/birthYear",1707,"20221204_1"
"http://dbpedia.org/resource/Leonhard_Euler","http://dbpedia.org/ontology/birthYear",1707,"20221204_1"
"http://dbpedia.org/resource/Vincenzo_Riccati","http://dbpedia.org/ontology/birthYear",1707,"20221204_1"
"http://dbpedia.org/resource/Georges-Louis_Leclerc,_Comte_de_Buffon","http://dbpedia.org/ontology/birthYear",1707,"20221204_1"
"http://dbpedia.org/resource/James_Short_(mathematician)","http://dbpedia.org/ontology/birthYear",1710,"20221204_1"
"http://dbpedia.org/resource/Thomas_Simpson","http://dbpedia.org/ontology/birthYear",1710,"20221204_1"
"http://dbpedia.org/resource/Roger_Joseph_Boscovich","http://dbpedia.org/ontology/birthYear",1711,"20221204_1"
"http://dbpedia.org/resource/Johann_Samuel_König","http://dbpedia.org/ontology/birthYear",1712,"20221204_1"
"http://dbpedia.org/resource/Alexis_Clairaut","http://dbpedia.org/ontology/birthYear",1713,"20221204_1"
"http://dbpedia.org/resource/Jean_Godin_des_Odonais","http://dbpedia.org/ontology/birthYear",1713,"20221204_1"
"http://dbpedia.org/resource/Nicolas-Louis_de_Lacaille","http://dbpedia.org/ontology/birthYear",1713,"20221204_1"
"http://dbpedia.org/resource/Jorge_Juan_y_Santacilia","http://dbpedia.org/ontology/birthYear",1713,"20221204_1"
"http://dbpedia.org/resource/John_Winthrop_(educator)","http://dbpedia.org/ontology/birthYear",1714,"20221204_1"
"http://dbpedia.org/resource/César-François_Cassini_de_Thury","http://dbpedia.org/ontology/birthYear",1714,"20221204_1"
"http://dbpedia.org/resource/Claude_Adrien_Helvétius","http://dbpedia.org/ontology/birthYear",1715,"20221204_1"
"http://dbpedia.org/resource/Antonio_de_Ulloa","http://dbpedia.org/ontology/birthYear",1716,"20221204_1"
"http://dbpedia.org/resource/Leonardo_Ximenes","http://dbpedia.org/ontology/birthYear",1716,"20221204_1"
"http://dbpedia.org/resource/Maria_Gaetana_Agnesi","http://dbpedia.org/ontology/birthYear",1718,"20221204_1"
"http://dbpedia.org/resource/Abraham_Gotthelf_Kästner","http://dbpedia.org/ontology/birthYear",1719,"20221204_1"
"http://dbpedia.org/resource/Maximilian_Hell","http://dbpedia.org/ontology/birthYear",1720,"20221204_1"
"http://dbpedia.org/resource/María_Andrea_Casamayor","http://dbpedia.org/ontology/birthYear",1720,"20221204_1"
"http://dbpedia.org/resource/Jean-Baptiste_Chappe_d'Auteroche","http://dbpedia.org/ontology/birthYear",1722,"20221204_1"
"http://dbpedia.org/resource/Tobias_Mayer","http://dbpedia.org/ontology/birthYear",1723,"20221204_1"
"http://dbpedia.org/resource/John_Michell","http://dbpedia.org/ontology/birthYear",1724,"20221204_1"
"http://dbpedia.org/resource/Franz_Aepinus","http://dbpedia.org/ontology/birthYear",1724,"20221204_1"
"http://dbpedia.org/resource/Guillaume_Le_Gentil","http://dbpedia.org/ontology/birthYear",1725,"20221204_1"
"http://dbpedia.org/resource/Edme-Sébastien_Jeaurat","http://dbpedia.org/ontology/birthYear",1725,"20221204_1"
"http://dbpedia.org/resource/Jean-Étienne_Montucla","http://dbpedia.org/ontology/birthYear",1725,"20221204_1"
"http://dbpedia.org/resource/August_Nathanael_Grischow","http://dbpedia.org/ontology/birthYear",1726,"20221204_1"
"http://dbpedia.org/resource/Johann_Heinrich_Lambert","http://dbpedia.org/ontology/birthYear",1728,"20221204_1"
"http://dbpedia.org/resource/Paolo_Frisi","http://dbpedia.org/ontology/birthYear",1728,"20221204_1"
"http://dbpedia.org/resource/Johann_Daniel_Titius","http://dbpedia.org/ontology/birthYear",1729,"20221204_1"
"http://dbpedia.org/resource/Nehemiah_Strong","http://dbpedia.org/ontology/birthYear",1729,"20221204_1"
"http://dbpedia.org/resource/Charles_Messier","http://dbpedia.org/ontology/birthYear",1730,"20221204_1"
"http://dbpedia.org/resource/Charles_Bossut","http://dbpedia.org/ontology/birthYear",1730,"20221204_1"
"http://dbpedia.org/resource/Étienne_Bézout","http://dbpedia.org/ontology/birthYear",1730,"20221204_1"
"http://dbpedia.org/resource/Benjamin_Banneker","http://dbpedia.org/ontology/birthYear",1731,"20221204_1"
"http://dbpedia.org/resource/Francis_Wollaston_(astronomer)","http://dbpedia.org/ontology/birthYear",1731,"20221204_1"
"http://dbpedia.org/resource/David_Rittenhouse","http://dbpedia.org/ontology/birthYear",1732,"20221204_1"
"http://dbpedia.org/resource/Nevil_Maskelyne","http://dbpedia.org/ontology/birthYear",1732,"20221204_1"
"http://dbpedia.org/resource/Jérôme_Lalande","http://dbpedia.org/ontology/birthYear",1732,"20221204_1"
"http://dbpedia.org/resource/Wenceslaus_Johann_Gustav_Karsten","http://dbpedia.org/ontology/birthYear",1732,"20221204_1"
"http://dbpedia.org/resource/José_Celestino_Mutis","http://dbpedia.org/ontology/birthYear",1732,"20221204_1"
"http://dbpedia.org/resource/Émiland_Gauthey","http://dbpedia.org/ontology/birthYear",1732,"20221204_1"
"http://dbpedia.org/resource/Joseph_Brown_(astronomer)","http://dbpedia.org/ontology/birthYear",1733,"20221204_1"
"http://dbpedia.org/resource/Jeremiah_Dixon","http://dbpedia.org/ontology/birthYear",1733,"20221204_1"
"http://dbpedia.org/resource/Jean-Charles_de_Borda","http://dbpedia.org/ontology/birthYear",1733,"20221204_1"
"http://dbpedia.org/resource/Carsten_Niebuhr","http://dbpedia.org/ontology/birthYear",1733,"20221204_1"
"http://dbpedia.org/resource/Franz_Mesmer","http://dbpedia.org/ontology/birthYear",1734,"20221204_1"
"http://dbpedia.org/resource/Johann_Euler","http://dbpedia.org/ontology/birthYear",1734,"20221204_1"
"http://dbpedia.org/resource/Jacob_Philadelphia","http://dbpedia.org/ontology/birthYear",1735,"20221204_1"
"http://dbpedia.org/resource/Antonio_Maria_Lorgna","http://dbpedia.org/ontology/birthYear",1735,"20221204_1"
"http://dbpedia.org/resource/Gregorio_Fontana","http://dbpedia.org/ontology/birthYear",1735,"20221204_1"
"http://dbpedia.org/resource/Jesse_Ramsden","http://dbpedia.org/ontology/birthYear",1735,"20221204_1"
"http://dbpedia.org/resource/James_Lind_(naturalist)","http://dbpedia.org/ontology/birthYear",1736,"20221204_1"
"http://dbpedia.org/resource/Jean_Sylvain_Bailly","http://dbpedia.org/ontology/birthYear",1736,"20221204_1"
"http://dbpedia.org/resource/Joseph-Louis_Lagrange","http://dbpedia.org/ontology/birthYear",1736,"20221204_1"
"http://dbpedia.org/resource/Charles_Hutton","http://dbpedia.org/ontology/birthYear",1737,"20221204_1"
"http://dbpedia.org/resource/Nicolas_Vilant","http://dbpedia.org/ontology/birthYear",1737,"20221204_1"
"http://dbpedia.org/resource/William_Herschel","http://dbpedia.org/ontology/birthYear",1738,"20221204_1"
"http://dbpedia.org/resource/Anders_Johan_Lexell","http://dbpedia.org/ontology/birthYear",1740,"20221204_1"
"http://dbpedia.org/resource/Jacques-André_Mallet","http://dbpedia.org/ontology/birthYear",1740,"20221204_1"
"http://dbpedia.org/resource/Antonio_Ludeña","http://dbpedia.org/ontology/birthYear",1740,"20221204_1"
"http://dbpedia.org/resource/Thomas_Knowlton","http://dbpedia.org/ontology/birthYear",1740,"20221204_1"
"http://dbpedia.org/resource/Patrick_Wilson_(astronomer)","http://dbpedia.org/ontology/birthYear",1743,"20221204_1"
"http://dbpedia.org/resource/Marquis_de_Condorcet","http://dbpedia.org/ontology/birthYear",1743,"20221204_1"
"http://dbpedia.org/resource/Robert_Hamilton_(economist)","http://dbpedia.org/ontology/birthYear",1743,"20221204_1"
"http://dbpedia.org/resource/Pierre_Méchain","http://dbpedia.org/ontology/birthYear",1744,"20221204_1"
"http://dbpedia.org/resource/Eise_Eisinga","http://dbpedia.org/ontology/birthYear",1744,"20221204_1"
"http://dbpedia.org/resource/Inō_Tadataka","http://dbpedia.org/ontology/birthYear",1745,"20221204_1"
"http://dbpedia.org/resource/Caspar_Wessel","http://dbpedia.org/ontology/birthYear",1745,"20221204_1"
"http://dbpedia.org/resource/Giuseppe_Piazzi","http://dbpedia.org/ontology/birthYear",1746,"20221204_1"
"http://dbpedia.org/resource/Gaspard_Monge","http://dbpedia.org/ontology/birthYear",1746,"20221204_1"
"http://dbpedia.org/resource/William_Trail","http://dbpedia.org/ontology/birthYear",1746,"20221204_1"
"http://dbpedia.org/resource/Jacques_Charles","http://dbpedia.org/ontology/birthYear",1746,"20221204_1"
"http://dbpedia.org/resource/Johann_Elert_Bode","http://dbpedia.org/ontology/birthYear",1747,"20221204_1"
"http://dbpedia.org/resource/Aida_Yasuaki","http://dbpedia.org/ontology/birthYear",1747,"20221204_1"
"http://dbpedia.org/resource/Dominique,_comte_de_Cassini","http://dbpedia.org/ontology/birthYear",1748,"20221204_1"
"http://dbpedia.org/resource/Pietro_Cossali","http://dbpedia.org/ontology/birthYear",1748,"20221204_1"
"http://dbpedia.org/resource/Charles_de_Tinseau_d'Amondans","http://dbpedia.org/ontology/birthYear",1748,"20221204_1"
"http://dbpedia.org/resource/Pierre-Simon_Laplace","http://dbpedia.org/ontology/birthYear",1749,"20221204_1"
"http://dbpedia.org/resource/Caroline_Herschel","http://dbpedia.org/ontology/birthYear",1750,"20221204_1"
"http://dbpedia.org/resource/Gilbert_Romme","http://dbpedia.org/ontology/birthYear",1750,"20221204_1"
"http://dbpedia.org/resource/Isaac_Milner","http://dbpedia.org/ontology/birthYear",1750,"20221204_1"
"http://dbpedia.org/resource/Abraham_Robertson","http://dbpedia.org/ontology/birthYear",1751,"20221204_1"
"http://dbpedia.org/resource/Barnaba_Oriani","http://dbpedia.org/ontology/birthYear",1752,"20221204_1"
"http://dbpedia.org/resource/Adrien-Marie_Legendre","http://dbpedia.org/ontology/birthYear",1752,"20221204_1"
"http://dbpedia.org/resource/Lazare_Carnot","http://dbpedia.org/ontology/birthYear",1753,"20221204_1"
"http://dbpedia.org/resource/Nicola_Fergola","http://dbpedia.org/ontology/birthYear",1753,"20221204_1"
"http://dbpedia.org/resource/Franz_Xaver_von_Zach","http://dbpedia.org/ontology/birthYear",1754,"20221204_1"
"http://dbpedia.org/resource/Andrew_Ellicott","http://dbpedia.org/ontology/birthYear",1754,"20221204_1"
"http://dbpedia.org/resource/Jurij_Vega","http://dbpedia.org/ontology/birthYear",1754,"20221204_1"
"http://dbpedia.org/resource/Gaspard_de_Prony","http://dbpedia.org/ontology/birthYear",1755,"20221204_1"
"http://dbpedia.org/resource/Marc-Antoine_Parseval","http://dbpedia.org/ontology/birthYear",1755,"20221204_1"
"http://dbpedia.org/resource/Eusebio_Valli","http://dbpedia.org/ontology/birthYear",1755,"20221204_1"
"http://dbpedia.org/resource/Nicolas_Fuss","http://dbpedia.org/ontology/birthYear",1755,"20221204_1"
"http://dbpedia.org/resource/Ernst_Chladni","http://dbpedia.org/ontology/birthYear",1756,"20221204_1"
"http://dbpedia.org/resource/Jan_Śniadecki","http://dbpedia.org/ontology/birthYear",1756,"20221204_1"
"http://dbpedia.org/resource/John_West_(mathematician)","http://dbpedia.org/ontology/birthYear",1756,"20221204_1"
"http://dbpedia.org/resource/Thomas_Jones_(mathematician)","http://dbpedia.org/ontology/birthYear",1756,"20221204_1"
"http://dbpedia.org/resource/Heinrich_Wilhelm_Matthias_Olbers","http://dbpedia.org/ontology/birthYear",1758,"20221204_1"
"http://dbpedia.org/resource/Ernst_Friedrich_Knorre","http://dbpedia.org/ontology/birthYear",1759,"20221204_1"
"http://dbpedia.org/resource/Francisco_de_Borja_Garção_Stockler","http://dbpedia.org/ontology/birthYear",1759,"20221204_1"
"http://dbpedia.org/resource/Pietro_Paoli","http://dbpedia.org/ontology/birthYear",1759,"20221204_1"
"http://dbpedia.org/resource/Jared_Mansfield","http://dbpedia.org/ontology/birthYear",1759,"20221204_1"
"http://dbpedia.org/resource/Louis_François_Antoine_Arbogast","http://dbpedia.org/ontology/birthYear",1759,"20221204_1"
"http://dbpedia.org/resource/Auguste-Savinien_Leblond","http://dbpedia.org/ontology/birthYear",1760,"20221204_1"
"http://dbpedia.org/resource/Christian_Kramp","http://dbpedia.org/ontology/birthYear",1760,"20221204_1"
"http://dbpedia.org/resource/Jean-Louis_Pons","http://dbpedia.org/ontology/birthYear",1761,"20221204_1"
"http://dbpedia.org/resource/Josef_de_Mendoza_y_Ríos","http://dbpedia.org/ontology/birthYear",1761,"20221204_1"
"http://dbpedia.org/resource/Blasius_Merrem","http://dbpedia.org/ontology/birthYear",1761,"20221204_1"
"http://dbpedia.org/resource/José_Joaquín_de_Ferrer","http://dbpedia.org/ontology/birthYear",1763,"20221204_1"
"http://dbpedia.org/resource/John_Goodricke","http://dbpedia.org/ontology/birthYear",1764,"20221204_1"
"http://dbpedia.org/resource/Takahashi_Yoshitoki","http://dbpedia.org/ontology/birthYear",1764,"20221204_1"
"http://dbpedia.org/resource/Luca_de_Samuele_Cagnazzi","http://dbpedia.org/ontology/birthYear",1764,"20221204_1"
"http://dbpedia.org/resource/Karl_Ludwig_Harding","http://dbpedia.org/ontology/birthYear",1765,"20221204_1"
"http://dbpedia.org/resource/Thomas_Norris_(1765–1852)","http://dbpedia.org/ontology/birthYear",1765,"20221204_1"
"http://dbpedia.org/resource/Sylvestre_François_Lacroix","http://dbpedia.org/ontology/birthYear",1765,"20221204_1"
"http://dbpedia.org/resource/James_Ivory_(mathematician)","http://dbpedia.org/ontology/birthYear",1765,"20221204_1"
"http://dbpedia.org/resource/Peter_Nicholson_(architect)","http://dbpedia.org/ontology/birthYear",1765,"20221204_1"
"http://dbpedia.org/resource/Pierre-Simon_Girard","http://dbpedia.org/ontology/birthYear",1765,"20221204_1"
"http://dbpedia.org/resource/Paolo_Ruffini","http://dbpedia.org/ontology/birthYear",1765,"20221204_1"
"http://dbpedia.org/resource/Johann_Friedrich_Pfaff","http://dbpedia.org/ontology/birthYear",1765,"20221204_1"
"http://dbpedia.org/resource/John_Leslie_(physicist)","http://dbpedia.org/ontology/birthYear",1766,"20221204_1"
"http://dbpedia.org/resource/Alexis_Bouvard","http://dbpedia.org/ontology/birthYear",1767,"20221204_1"
"http://dbpedia.org/resource/François-Joseph_Servois","http://dbpedia.org/ontology/birthYear",1767,"20221204_1"
"http://dbpedia.org/resource/Francisco_José_de_Caldas","http://dbpedia.org/ontology/birthYear",1768,"20221204_1"
"http://dbpedia.org/resource/Vincenzo_Brunacci","http://dbpedia.org/ontology/birthYear",1768,"20221204_1"
"http://dbpedia.org/resource/François_Français","http://dbpedia.org/ontology/birthYear",1768,"20221204_1"
"http://dbpedia.org/resource/Jean-Robert_Argand","http://dbpedia.org/ontology/birthYear",1768,"20221204_1"
"http://dbpedia.org/resource/Joseph_Fourier","http://dbpedia.org/ontology/birthYear",1768,"20221204_1"
"http://dbpedia.org/resource/Li_Rui_(mathematician)","http://dbpedia.org/ontology/birthYear",1768,"20221204_1"
"http://dbpedia.org/resource/André-Jacques_Garnerin","http://dbpedia.org/ontology/birthYear",1769,"20221204_1"
"http://dbpedia.org/resource/Jean_Nicolas_Pierre_Hachette","http://dbpedia.org/ontology/birthYear",1769,"20221204_1"
"http://dbpedia.org/resource/Johann_Christian_Martin_Bartels","http://dbpedia.org/ontology/birthYear",1769,"20221204_1"
"http://dbpedia.org/resource/William_Gooch_(astronomer)","http://dbpedia.org/ontology/birthYear",1770,"20221204_1"
"http://dbpedia.org/resource/Niccolò_Cacciatore","http://dbpedia.org/ontology/birthYear",1770,"20221204_1"
